{"type": "metrics", "dataset": "train", "precision": 0.6965944272445821, "balanced_accuracy": 0.6663204103430872, "recall": 0.38095238095238093, "f1_score": 0.49254343959501984}
{"type": "metrics", "dataset": "test", "precision": 0.6774774774774774, "balanced_accuracy": 0.6719642659247312, "recall": 0.3945435466946485, "f1_score": 0.4986737400530504}
{"type": "cm_matrix", "dataset": "train", "true_0": {"predicted_0": 15444, "predicted_1": 784}, "true_1": {"predicted_0": 2925, "predicted_1": 1800}}
{"type": "cm_matrix", "dataset": "test", "true_0": {"predicted_0": 6715, "predicted_1": 358}, "true_1": {"predicted_0": 1154, "predicted_1": 752}}
